
<modification>
    <name>Pagar.Me Checkout segunda via de boleto</name>
    <code>santive-checkout-pagarme</code>
    <version>1.0</version>
    <author>Santive</author>
    <link>http://www.santive.com</link>

    <file path="catalog/view/theme/*/template/common/header.tpl">
        <operation>
            <search>
                <![CDATA[</head>]]>
            </search>
            <add position="before">
                <![CDATA[<script src="https://assets.pagar.me/checkout/checkout.js"></script>]]>
            </add>
        </operation>
    </file>

    <file path="catalog/controller/account/order.php">
        <operation>
            <search>
                <![CDATA[$data['date_added'] = date($this->language->get('date_format_short'), strtotime($order_info['date_added']));]]>
            </search>
            <add position="after">
                <![CDATA[if($this->config->get('pagar_me_checkout_status')){
                    $data['order_status_id'] = $order_info['order_status_id'];
                    $data['pagar_me_checkout_url'] = $order_info['pagar_me_checkout_url'];
                    $data['payment_code'] = $order_info['payment_code'];
                    $data['pagar_me_checkout_status'] = $this->config->get('pagar_me_checkout_status');
                    $data['pagar_me_checkout_order_waiting_payment'] = $this->config->get('pagar_me_checkout_order_waiting_payment');
                }]]>
            </add>
        </operation>
    </file>

    <file path="catalog/model/account/order.php">
        <operation>
            <search>
                <![CDATA[$order_query->row['payment_company'],]]>
            </search>
            <add position="after">
                <![CDATA['payment_code'         => $order_query->row['payment_code'],
                'pagar_me_checkout_url'         => $order_query->row['pagar_me_checkout_url'],]]>
            </add>
        </operation>
    </file>

    <file path="catalog/model/checkout/order.php">
        <operation>
            <search>
                <![CDATA[return array(]]>
            </search>
            <add position="after">
                <![CDATA['pagar_me_checkout_url'                => $order_query->row['pagar_me_checkout_url'],]]>
            </add>
        </operation>
    </file>

    <file path="catalog/view/theme/*/template/account/order_info.tpl">
        <operation>
            <search>
                <![CDATA[<b><?php echo $text_payment_method; ?></b> <?php echo $payment_method; ?>]]>
            </search>
            <add position="replace">
                <![CDATA[<b><?php echo $text_payment_method; ?></b> <?php echo $payment_method; ?>
                <?php
                if($pagar_me_checkout_status):
                    if($payment_code == 'pagar_me_checkout' && $order_status_id == $pagar_me_checkout_order_waiting_payment): ?>
                        <a style="cursor: pointer;" onclick="javascript:window.open('<?php echo $pagar_me_checkout_url; ?>', 'jstest', 'height=600,width=800,channelmode=0,dependent=0,directories=0,fullscreen=0,location=0,menubar=0,resizable=1,scrollbars=1,status=0,toolbar=0');" target="_blank">Emitir 2&ordf; via do boleto</a>
                    <?php
                        endif;
                    endif;
                    ?>]]>
            </add>
        </operation>
    </file>

    <file path="catalog/controller/checkout/success.php">
        <operation>
            <search>
                <![CDATA[$data['button_continue'] = $this->language->get('button_continue');]]>
            </search>
            <add position="before">
                <![CDATA[if(isset($this->session->data['checkout_pagar_me_boleto_url'])){
                    $data['button_checkout_pagar_me_boleto'] = $this->session->data['checkout_pagar_me_boleto_url'];
                    unset($this->session->data['checkout_pagar_me_boleto_url']);
                }else{
                    $data['button_checkout_pagar_me_boleto'] = null;
                    unset($this->session->data['checkout_pagar_me_boleto_url']);
                }]]>
            </add>
        </operation>
    </file>

    <file path="catalog/view/theme/*/template/common/success.tpl">
        <operation>
            <search>
                <![CDATA[<?php echo $text_message; ?>]]>
            </search>
            <add position="after">
                <![CDATA[<?php if(isset($button_checkout_pagar_me_boleto)): ?>
                <div class="buttons">
  <div class="text-center"><a href="<?php echo $button_checkout_pagar_me_boleto ?>" target="_blank" class="btn btn-lg btn-primary"><strong>Imprima seu boleto</strong></a></div>
</div>
<?php endif; ?>]]>
            </add>
        </operation>
    </file>
</modification>